[
  {
    "id": 1,
    "name": "Wittekop",
    "brewery": "Brasserie Lefebvre for Amstein",
    "country": "Belgium",
    "region": "Europe",
    "style": "Witbier",
    "abv": 4.5,
    "ibu": 12,
    "srm": 4,
    "has_yeast_data": false
  },
  {
    "id": 2,
    "name": "Adnams Broadside",
    "brewery": "Adnams",
    "country": "UK",
    "region": "Europe",
    "style": "English Strong Ale",
    "abv": 6.3,
    "ibu": 43,
    "srm": 18,
    "has_yeast_data": false
  },
  {
    "id": 3,
    "name": "Ambrée des Brigands du Jorat",
    "brewery": "Brasserie Du Jorat",
    "country": "Switzerland",
    "region": "Europe",
    "style": "Smoked",
    "abv": 6,
    "ibu": 14,
    "srm": 10,
    "has_yeast_data": true
  },
  {
    "id": 4,
    "name": "Anchor Porter",
    "brewery": "Anchor",
    "country": "USA",
    "region": "North America",
    "style": "Porter",
    "abv": 5.6,
    "ibu": 27,
    "srm": 20,
    "has_yeast_data": false
  },
  {
    "id": 5,
    "name": "Anchor Steam",
    "brewery": "Anchor",
    "country": "USA",
    "region": "North America",
    "style": "California Common",
    "abv": 4.9,
    "ibu": 37,
    "srm": 6,
    "has_yeast_data": false
  },
  {
    "id": 6,
    "name": "Heelch O'hops Double IPA",
    "brewery": "Anderson Valley",
    "country": "USA",
    "region": "North America",
    "style": "IPA",
    "abv": 8.7,
    "ibu": 100,
    "srm": 12,
    "has_yeast_data": false
  },
  {
    "id": 7,
    "name": "Asahi super dry",
    "brewery": "Asahi",
    "country": "Japan",
    "region": "Asia",
    "style": "Lager",
    "abv": 5,
    "ibu": 12,
    "srm": 3,
    "has_yeast_data": false
  },
  {
    "id": 8,
    "name": "La Salamandre",
    "brewery": "BFM",
    "country": "Switzerland",
    "region": "Europe",
    "style": "Weissbier",
    "abv": 6.3,
    "ibu": 15,
    "srm": 4,
    "has_yeast_data": true
  },
  {
    "id": 9,
    "name": "La Torpille",
    "brewery": "BFM",
    "country": "Switzerland",
    "region": "Europe",
    "style": "Belgian Strong Ale",
    "abv": 7.5,
    "ibu": 40,
    "srm": 16,
    "has_yeast_data": false
  },
  {
    "id": 10,
    "name": "Blanche du Jorat",
    "brewery": "Brasserie Du Jorat",
    "country": "Switzerland",
    "region": "Europe",
    "style": "Weissbier",
    "abv": 5.5,
    "ibu": 15,
    "srm": 4,
    "has_yeast_data": false
  },
  {
    "id": 11,
    "name": "Brooklyn Lager",
    "brewery": "Brooklyn Brewery",
    "country": "USA",
    "region": "North America",
    "style": "Amber Lager",
    "abv": 5.2,
    "ibu": 33,
    "srm": 14,
    "has_yeast_data": false
  },
  {
    "id": 12,
    "name": "Monty Python's Holy Grail",
    "brewery": "Black Sheep",
    "country": "UK",
    "region": "Europe",
    "style": "Premium Bitter",
    "abv": 4.7,
    "ibu": 30,
    "srm": 12,
    "has_yeast_data": false
  },
  {
    "id": 13,
    "name": "Chang",
    "brewery": "Thai Beverages",
    "country": "Thailand",
    "region": "Asia",
    "style": "Pale Lager",
    "abv": 5,
    "ibu": 14,
    "srm": 3,
    "has_yeast_data": false
  },
  {
    "id": 14,
    "name": "Chimay Red Cap",
    "brewery": "Chimay",
    "country": "Belgium",
    "region": "Europe",
    "style": "Abbey Dubbel",
    "abv": 7,
    "ibu": 20,
    "srm": 14,
    "has_yeast_data": true
  },
  {
    "id": 15,
    "name": "Innis & Gunn Rum Finish",
    "brewery": "Innis & Gunn",
    "country": "UK",
    "region": "Europe",
    "style": "English Strong Ale",
    "abv": 7.4,
    "ibu": 21,
    "srm": 28,
    "has_yeast_data": false
  },
  {
    "id": 16,
    "name": "Ch'Ti Blonde",
    "brewery": "Brasserie Castelain",
    "country": "France",
    "region": "Europe",
    "style": "Bière de Garde",
    "abv": 6.4,
    "ibu": 24,
    "srm": 12,
    "has_yeast_data": false
  },
  {
    "id": 17,
    "name": "Cocoa Psycho",
    "brewery": "Brewdog",
    "country": "UK",
    "region": "Europe",
    "style": "Imperial Stout",
    "abv": 10,
    "ibu": 85,
    "srm": 40,
    "has_yeast_data": false
  },
  {
    "id": 18,
    "name": "Coopers Original Pale Ale",
    "brewery": "Coopers Brewery",
    "country": "Australia",
    "region": "Oceania",
    "style": "Golden Ale",
    "abv": 4.5,
    "ibu": 22,
    "srm": 5,
    "has_yeast_data": false
  },
  {
    "id": 19,
    "name": "Delirium Red",
    "brewery": "Brouwerij Huyghe",
    "country": "Belgium",
    "region": "Europe",
    "style": "Fruit Beer",
    "abv": 8,
    "ibu": 10,
    "srm": 10,
    "has_yeast_data": false
  },
  {
    "id": 20,
    "name": "Delirium Tremens",
    "brewery": "Brouwerij Huyghe",
    "country": "Belgium",
    "region": "Europe",
    "style": "Belgian Strong Ale",
    "abv": 8.5,
    "ibu": 50,
    "srm": 16,
    "has_yeast_data": true
  },
  {
    "id": 21,
    "name": "Duchesse de Bourgogne",
    "brewery": "Verhaeghe",
    "country": "Belgium",
    "region": "Europe",
    "style": "Sour Red/Brown",
    "abv": 6.2,
    "ibu": 6,
    "srm": 20,
    "has_yeast_data": false
  },
  {
    "id": 24,
    "name": "La Fin du Monde",
    "brewery": "Unibroue (Sapporo)",
    "country": "Canada",
    "region": "North America",
    "style": "Abbey Tripel",
    "abv": 9,
    "ibu": 19,
    "srm": 5.5,
    "has_yeast_data": false
  },
  {
    "id": 25,
    "name": "Flying Dog Pale Ale",
    "brewery": "Flying Dog Brewery",
    "country": "USA",
    "region": "North America",
    "style": "American Pale Ale",
    "abv": 5.5,
    "ibu": 35,
    "srm": 6,
    "has_yeast_data": false
  },
  {
    "id": 26,
    "name": "Flying Dog Snake Dog IPA",
    "brewery": "Flying Dog Brewery",
    "country": "USA",
    "region": "North America",
    "style": "IPA",
    "abv": 7.1,
    "ibu": 60,
    "srm": 11,
    "has_yeast_data": false
  },
  {
    "id": 27,
    "name": "Founders All Day IPA",
    "brewery": "Founders Brewing Company",
    "country": "USA",
    "region": "North America",
    "style": "IPA",
    "abv": 4.7,
    "ibu": 42,
    "srm": 6,
    "has_yeast_data": false
  },
  {
    "id": 28,
    "name": "Founders Centennial IPA",
    "brewery": "Founders Brewing Company",
    "country": "USA",
    "region": "North America",
    "style": "IPA",
    "abv": 7.2,
    "ibu": 65,
    "srm": 11,
    "has_yeast_data": false
  },
  {
    "id": 29,
    "name": "Founders Dirty Bastard",
    "brewery": "Founders Brewing Company",
    "country": "USA",
    "region": "North America",
    "style": "Scotch Ale",
    "abv": 8.5,
    "ibu": 50,
    "srm": 13,
    "has_yeast_data": false
  },
  {
    "id": 30,
    "name": "Frankenheim Alt",
    "brewery": "Frankenheim Privatbrauerei",
    "country": "Germany",
    "region": "North America",
    "style": "Altbier",
    "abv": 4.8,
    "ibu": 11,
    "srm": 11,
    "has_yeast_data": false
  },
  {
    "id": 31,
    "name": "Guinness Spec. Export",
    "brewery": "St. James's Gate (Diageo)",
    "country": "Ireland",
    "region": "Europe",
    "style": "Foreign Stout",
    "abv": 8,
    "ibu": 50,
    "srm": 35,
    "has_yeast_data": false
  },
  {
    "id": 32,
    "name": "Gulden Draak",
    "brewery": "Brouwerij Van Steenberge",
    "country": "Belgium",
    "region": "Europe",
    "style": "Belgian Strong Ale",
    "abv": 10.5,
    "ibu": 28,
    "srm": 17,
    "has_yeast_data": false
  },
  {
    "id": 33,
    "name": "Tripel Karmeliet",
    "brewery": "Brouwerij Bosteels",
    "country": "Belgium",
    "region": "Europe",
    "style": "Abbey Tripel",
    "abv": 8.4,
    "ibu": 30,
    "srm": 6,
    "has_yeast_data": false
  },
  {
    "id": 34,
    "name": "Pauwel Kwak",
    "brewery": "Brouwerij Bosteels",
    "country": "Belgium",
    "region": "Europe",
    "style": "Ale",
    "abv": 8.4,
    "ibu": 50,
    "srm": 16,
    "has_yeast_data": false
  },
  {
    "id": 35,
    "name": "Liefmans Fruitesse",
    "brewery": "Liefmans (Duvel-Moortgat)",
    "country": "Belgium",
    "region": "Europe",
    "style": "Fruit Beer",
    "abv": 3.8,
    "ibu": 7,
    "srm": 6,
    "has_yeast_data": false
  },
  {
    "id": 36,
    "name": "Martin's IPA",
    "brewery": "John Martin",
    "country": "Belgium",
    "region": "Europe",
    "style": "IPA",
    "abv": 6.9,
    "ibu": 36,
    "srm": 10,
    "has_yeast_data": false
  },
  {
    "id": 37,
    "name": "McEwan's Export",
    "brewery": "Charles Wells",
    "country": "UK",
    "region": "Europe",
    "style": "Bitter",
    "abv": 4.5,
    "ibu": 24,
    "srm": 10,
    "has_yeast_data": false
  },
  {
    "id": 38,
    "name": "Moosehead Lager",
    "brewery": "Moosehead Brewery",
    "country": "Canada",
    "region": "North America",
    "style": "Pale Lager",
    "abv": 5,
    "ibu": 16,
    "srm": 3,
    "has_yeast_data": false
  },
  {
    "id": 39,
    "name": "Nøgne Ø Pale Ale",
    "brewery": "Nøgne Ø (Hansa Borg)",
    "country": "Norway",
    "region": "Europe",
    "style": "American Pale Ale",
    "abv": 6,
    "ibu": 40,
    "srm": 8,
    "has_yeast_data": false
  },
  {
    "id": 40,
    "name": "Lisbeth",
    "brewery": "Officina della birra",
    "country": "Switzerland",
    "region": "Europe",
    "style": "American Pale Ale",
    "abv": 7.5,
    "ibu": 47,
    "srm": 8,
    "has_yeast_data": false
  },
  {
    "id": 41,
    "name": "Orval",
    "brewery": "Brasserie d'Orval",
    "country": "Belgium",
    "region": "Europe",
    "style": "Belgian Ale",
    "abv": 6.2,
    "ibu": 32,
    "srm": 8,
    "has_yeast_data": true
  },
  {
    "id": 42,
    "name": "Pietra",
    "brewery": "Pietra",
    "country": "France",
    "region": "Europe",
    "style": "Amber Lager",
    "abv": 6,
    "ibu": 26,
    "srm": 12,
    "has_yeast_data": false
  },
  {
    "id": 43,
    "name": "Punk",
    "brewery": "Brewdog",
    "country": "UK",
    "region": "Europe",
    "style": "IPA",
    "abv": 5.6,
    "ibu": 40,
    "srm": 7.6,
    "has_yeast_data": false
  },
  {
    "id": 44,
    "name": "Quilmes",
    "brewery": "Cerveceria Malteria Quilmes SAICAY (InBev)",
    "country": "Argentina",
    "region": "South America",
    "style": "Pale Lager",
    "abv": 4.9,
    "ibu": 15,
    "srm": 3,
    "has_yeast_data": false
  },
  {
    "id": 45,
    "name": "Red Stripe",
    "brewery": "Desnoes and Geddes (Diageo PLC)",
    "country": "Jamaica",
    "region": "North America",
    "style": "Pale Lager",
    "abv": 4.7,
    "ibu": 17,
    "srm": 3,
    "has_yeast_data": false
  },
  {
    "id": 46,
    "name": "Rochefort Trappistes 10",
    "brewery": "Brasserie Rochefort",
    "country": "Belgium",
    "region": "Europe",
    "style": "Abt/Quadrupel",
    "abv": 11.3,
    "ibu": 30,
    "srm": 40,
    "has_yeast_data": false
  },
  {
    "id": 47,
    "name": "Saigon Export",
    "brewery": "Sabeco",
    "country": "Vietnam",
    "region": "Asia",
    "style": "Pale Lager",
    "abv": 4.9,
    "ibu": 15,
    "srm": 3,
    "has_yeast_data": false
  },
  {
    "id": 48,
    "name": "Sierra Nevada Pale Ale",
    "brewery": "Sierra Nevada Brewing Company",
    "country": "USA",
    "region": "North America",
    "style": "American Pale Ale",
    "abv": 5.6,
    "ibu": 37,
    "srm": 8,
    "has_yeast_data": false
  },
  {
    "id": 49,
    "name": "Sierra Nevada Torpedo Extra IPA",
    "brewery": "Sierra Nevada Brewing Company",
    "country": "USA",
    "region": "North America",
    "style": "IPA",
    "abv": 7.2,
    "ibu": 65,
    "srm": 11,
    "has_yeast_data": false
  },
  {
    "id": 50,
    "name": "Singha",
    "brewery": "Boon Rawd Brewery",
    "country": "Thailand",
    "region": "Asia",
    "style": "Premium Lager",
    "abv": 5,
    "ibu": 18,
    "srm": 4,
    "has_yeast_data": false
  },
  {
    "id": 51,
    "name": "Timmermans Tradition Blanche",
    "brewery": "John Martin",
    "country": "Belgium",
    "region": "Europe",
    "style": "Witbier",
    "abv": 4.5,
    "ibu": 5,
    "srm": 4,
    "has_yeast_data": false
  },
  {
    "id": 52,
    "name": "La Fraicheur",
    "brewery": "Trois Dames",
    "country": "Switzerland",
    "region": "Europe",
    "style": "Witbier",
    "abv": 4.8,
    "ibu": 20,
    "srm": 4,
    "has_yeast_data": true
  },
  {
    "id": 53,
    "name": "Tsing Tao",
    "brewery": "Tsing Tao",
    "country": "China",
    "region": "Asia",
    "style": "Chinese Pale Lager",
    "abv": 5,
    "ibu": 18,
    "srm": 4,
    "has_yeast_data": false
  },
  {
    "id": 54,
    "name": "Westmalle tripel",
    "brewery": "Brouwerij der Trappisten van Westmalle",
    "country": "Belgium",
    "region": "Europe",
    "style": "Trappiste",
    "abv": 9.5,
    "ibu": 39,
    "srm": 6,
    "has_yeast_data": false
  },
  {
    "id": 55,
    "name": "Barbe Rufa",
    "brewery": "Verhaeghe",
    "country": "Belgium",
    "region": "Europe",
    "style": "Belgian Strong Ale",
    "abv": 8,
    "ibu": 30,
    "srm": 15,
    "has_yeast_data": false
  },
  {
    "id": 56,
    "name": "La cotta bionda",
    "brewery": "La cotta",
    "country": "Italy",
    "region": "Europe",
    "style": "Golden Ale",
    "abv": 4.8,
    "ibu": 75,
    "srm": 4,
    "has_yeast_data": true
  },
  {
    "id": 57,
    "name": "Hoppy Couple",
    "brewery": "Birrificio Trunasse",
    "country": "Italy",
    "region": "Europe",
    "style": "IPA",
    "abv": 6,
    "ibu": 50,
    "srm": 8,
    "has_yeast_data": true
  },
  {
    "id": 58,
    "name": "Waldbier 2014 Wienerwald",
    "brewery": "Trumer",
    "country": "Austria",
    "region": "Europe",
    "style": "Spice/Herb/Vegetable",
    "abv": 8.7,
    "ibu": 15,
    "srm": 12.7,
    "has_yeast_data": true
  },
  {
    "id": 59,
    "name": "Brick By Brick Bosun's Moustache",
    "brewery": "Bosun's Moustache",
    "country": "Lithuania",
    "region": "Europe",
    "style": "IPA",
    "abv": 6,
    "ibu": 60,
    "srm": 8,
    "has_yeast_data": false
  },
  {
    "id": 60,
    "name": "Corona Extra",
    "brewery": "Grupo Modelo",
    "country": "Mexico",
    "region": "North America",
    "style": "Pale Lager",
    "abv": 4.6,
    "ibu": 18,
    "srm": 3,
    "has_yeast_data": false
  },
  {
    "id": 61,
    "name": "Weisse Alkoholfrei",
    "brewery": "Hofbrau",
    "country": "Germany",
    "region": "Europe",
    "style": "Low Alcohol",
    "abv": 0.5,
    "ibu": 12,
    "srm": 3,
    "has_yeast_data": false
  },
  {
    "id": 62,
    "name": "Valaisanne Ämrich",
    "brewery": "Valaisanne (Feldschlösschen)",
    "country": "Switzerland",
    "region": "Europe",
    "style": "Weissbier",
    "abv": 5.5,
    "ibu": 10,
    "srm": 5.6,
    "has_yeast_data": true
  },
  {
    "id": 63,
    "name": "Blanche",
    "brewery": "Brasserie Gessienne",
    "country": "France",
    "region": "Europe",
    "style": "Weissbier",
    "abv": 5.6,
    "ibu": 15,
    "srm": 4,
    "has_yeast_data": true
  },
  {
    "id": 64,
    "name": "Mateo 21",
    "brewery": "Mateo & Bernabé",
    "country": "Spain",
    "region": "Europe",
    "style": "Wheat Ale",
    "abv": 5,
    "ibu": 13,
    "srm": 4,
    "has_yeast_data": true
  },
  {
    "id": 65,
    "name": "Alexander Keiths India Pale Ale",
    "brewery": "Oland Brewery (AB-InBev)",
    "country": "Canada",
    "region": "North America",
    "style": "IPA",
    "abv": 5,
    "ibu": 20,
    "srm": 7,
    "has_yeast_data": false
  },
  {
    "id": 66,
    "name": "Cream Ale",
    "brewery": "Sleeman",
    "country": "Canada",
    "region": "North America",
    "style": "Cream Ale",
    "abv": 5,
    "ibu": 15,
    "srm": 5,
    "has_yeast_data": false
  },
  {
    "id": 67,
    "name": "Original draught",
    "brewery": "Sleeman",
    "country": "Canada",
    "region": "North America",
    "style": "American-Style Light Lager",
    "abv": 5,
    "ibu": 10,
    "srm": 3,
    "has_yeast_data": false
  },
  {
    "id": 68,
    "name": "Organic Lager",
    "brewery": "Mill Street",
    "country": "Canada",
    "region": "North America",
    "style": "Lager - Pale",
    "abv": 4.2,
    "ibu": 11,
    "srm": 3,
    "has_yeast_data": false
  },
  {
    "id": 69,
    "name": "Budweiser",
    "brewery": "Labatt",
    "country": "Canada",
    "region": "North America",
    "style": "American Lager",
    "abv": 5,
    "ibu": 10,
    "srm": 4,
    "has_yeast_data": false
  },
  {
    "id": 70,
    "name": "Coors Light",
    "brewery": "Coors Brewing",
    "country": "Canada",
    "region": "North America",
    "style": "American-Style Light Lager",
    "abv": 4,
    "ibu": 8,
    "srm": 2,
    "has_yeast_data": false
  },
  {
    "id": 71,
    "name": "S.P.A",
    "brewery": "Wellington",
    "country": "Canada",
    "region": "North America",
    "style": "Pale Ale",
    "abv": 4.5,
    "ibu": 22,
    "srm": 6,
    "has_yeast_data": false
  },
  {
    "id": 72,
    "name": "County",
    "brewery": "Wellington",
    "country": "Canada",
    "region": "North America",
    "style": "Ale",
    "abv": 5,
    "ibu": 25,
    "srm": 10,
    "has_yeast_data": false
  },
  {
    "id": 73,
    "name": "Arkell",
    "brewery": "Wellington",
    "country": "Canada",
    "region": "North America",
    "style": "Ale",
    "abv": 4,
    "ibu": 18,
    "srm": 8,
    "has_yeast_data": false
  },
  {
    "id": 74,
    "name": "Imperial",
    "brewery": "Wellington",
    "country": "Canada",
    "region": "North America",
    "style": "Stout",
    "abv": 8,
    "ibu": 42,
    "srm": 35,
    "has_yeast_data": false
  },
  {
    "id": 75,
    "name": "Stout",
    "brewery": "Bitchin' Brewery",
    "country": "UK",
    "region": "Europe",
    "style": "Stout",
    "abv": 6.4,
    "ibu": 35,
    "srm": 30,
    "has_yeast_data": false
  },
  {
    "id": 76,
    "name": "Coffee Stout",
    "brewery": "Bitchin' Brewery",
    "country": "UK",
    "region": "Europe",
    "style": "Stout",
    "abv": 6.4,
    "ibu": 35,
    "srm": 30,
    "has_yeast_data": false
  },
  {
    "id": 77,
    "name": "Magna Carta",
    "brewery": "Windsor & Eton",
    "country": "UK",
    "region": "Europe",
    "style": "Ale",
    "abv": 7.2,
    "ibu": 30,
    "srm": 15,
    "has_yeast_data": false
  },
  {
    "id": 78,
    "name": "Fakufaku",
    "brewery": "Hackuarium",
    "country": "Switzerland",
    "region": "Europe",
    "style": "Stout",
    "abv": 6.5,
    "ibu": 40,
    "srm": 35,
    "has_yeast_data": true
  },
  {
    "id": 79,
    "name": "Calvinus Blanche",
    "brewery": "Frères Papinot",
    "country": "Switzerland",
    "region": "Europe",
    "style": "Weissbier",
    "abv": 5.2,
    "ibu": 15,
    "srm": 13,
    "has_yeast_data": true
  },
  {
    "id": 80,
    "name": "Calvinus Blonde",
    "brewery": "Frères Papinot",
    "country": "Switzerland",
    "region": "Europe",
    "style": "Pale Lager",
    "abv": 4.8,
    "ibu": 18,
    "srm": 7,
    "has_yeast_data": false
  },
  {
    "id": 81,
    "name": "Meynite",
    "brewery": "Les Murailles",
    "country": "Switzerland",
    "region": "Europe",
    "style": "Belgian Ale",
    "abv": 5,
    "ibu": 25,
    "srm": 10,
    "has_yeast_data": false
  },
  {
    "id": 82,
    "name": "Sorcière",
    "brewery": "Les Murailles",
    "country": "Switzerland",
    "region": "Europe",
    "style": "Belgian Dubbel",
    "abv": 6,
    "ibu": 25,
    "srm": 14,
    "has_yeast_data": false
  },
  {
    "id": 83,
    "name": "Pieuse",
    "brewery": "Les Murailles",
    "country": "Switzerland",
    "region": "Europe",
    "style": "Belgian Pale Ale",
    "abv": 6,
    "ibu": 28,
    "srm": 6,
    "has_yeast_data": true
  },
  {
    "id": 84,
    "name": "Roter Baron",
    "brewery": "Homebrew",
    "country": "Switzerland",
    "region": "Europe",
    "style": "Altbier",
    "abv": 5,
    "ibu": 30,
    "srm": 11,
    "has_yeast_data": true
  },
  {
    "id": 85,
    "name": "Houleuse",
    "brewery": "Docteur Gabs",
    "country": "Switzerland",
    "region": "Europe",
    "style": "Witbier",
    "abv": 5,
    "ibu": 15,
    "srm": 4,
    "has_yeast_data": true
  },
  {
    "id": 86,
    "name": "Pepite",
    "brewery": "Docteur Gabs",
    "country": "Switzerland",
    "region": "Europe",
    "style": "Pale Ale",
    "abv": 4.8,
    "ibu": 20,
    "srm": 6,
    "has_yeast_data": true
  },
  {
    "id": 87,
    "name": "Tempète",
    "brewery": "Docteur Gabs",
    "country": "Switzerland",
    "region": "Europe",
    "style": "Belgian Tripel",
    "abv": 8,
    "ibu": 32,
    "srm": 4,
    "has_yeast_data": true
  },
  {
    "id": 88,
    "name": "Embuscade",
    "brewery": "La Nébuleuse",
    "country": "Switzerland",
    "region": "Europe",
    "style": "IPA",
    "abv": 6.7,
    "ibu": 65,
    "srm": 8.2,
    "has_yeast_data": true
  },
  {
    "id": 89,
    "name": "Malt Capone",
    "brewery": "La Nébuleuse",
    "country": "Switzerland",
    "region": "Europe",
    "style": "Robust Porter",
    "abv": 7,
    "ibu": 30,
    "srm": 50,
    "has_yeast_data": true
  },
  {
    "id": 90,
    "name": "Stirling",
    "brewery": "La Nébuleuse",
    "country": "Switzerland",
    "region": "Europe",
    "style": "California Common",
    "abv": 5.3,
    "ibu": 38,
    "srm": 7.3,
    "has_yeast_data": true
  },
  {
    "id": 91,
    "name": "BE",
    "brewery": "Bieraria Tschlin",
    "country": "Switzerland",
    "region": "Europe",
    "style": "Pale Lager",
    "abv": 5,
    "ibu": 15,
    "srm": 4,
    "has_yeast_data": true
  },
  {
    "id": 92,
    "name": "Banana",
    "brewery": "Mongozo",
    "country": "Belgium",
    "region": "Europe",
    "style": "Fruit Beer",
    "abv": 3.6,
    "ibu": 7,
    "srm": 4,
    "has_yeast_data": false
  },
  {
    "id": 93,
    "name": "Tripel",
    "brewery": "Chimay",
    "country": "Belgium",
    "region": "Europe",
    "style": "Abbey Tripel",
    "abv": 9,
    "ibu": 35,
    "srm": 8,
    "has_yeast_data": true
  },
  {
    "id": 94,
    "name": "Weissbier hell",
    "brewery": "Andechs",
    "country": "Belgium",
    "region": "Europe",
    "style": "Weissbier",
    "abv": 5.5,
    "ibu": 12,
    "srm": 4,
    "has_yeast_data": false
  },
  {
    "id": 95,
    "name": "Konig Ludwig Dunkel",
    "brewery": "Warsteiner",
    "country": "Germany",
    "region": "Europe",
    "style": "Munich Dunkel",
    "abv": 5.1,
    "ibu": 20,
    "srm": 20,
    "has_yeast_data": false
  },
  {
    "id": 96,
    "name": "Braufrisch",
    "brewery": "Feldschlosschen",
    "country": "Switzerland",
    "region": "Europe",
    "style": "Pale Lager",
    "abv": 4.8,
    "ibu": 12,
    "srm": 3,
    "has_yeast_data": false
  },
  {
    "id": 97,
    "name": "BioLegère",
    "brewery": "Brasserie DuPont",
    "country": "Belgium",
    "region": "Europe",
    "style": "Saison/Farmhouse Ale",
    "abv": 3.5,
    "ibu": 18,
    "srm": 5,
    "has_yeast_data": true
  },
  {
    "id": 102,
    "name": "Pale Ale",
    "brewery": "Coudres",
    "country": "Switzerland",
    "region": "Europe",
    "style": "Pale Ale",
    "abv": 5,
    "ibu": 35,
    "srm": 6,
    "has_yeast_data": true
  },
  {
    "id": 103,
    "name": "Amber",
    "brewery": "Unserbier",
    "country": "Switzerland",
    "region": "Europe",
    "style": "Amber Ale",
    "abv": 5.2,
    "ibu": 25,
    "srm": 12,
    "has_yeast_data": false
  },
  {
    "id": 104,
    "name": "Brassin d'Hiver",
    "brewery": "Brasserie du Mont Blanc",
    "country": "France",
    "region": "Europe",
    "style": "Winter Warmer",
    "abv": 6.5,
    "ibu": 20,
    "srm": 18,
    "has_yeast_data": false
  },
  {
    "id": 105,
    "name": "Wiener Original",
    "brewery": "Ottakringer",
    "country": "Austria",
    "region": "Europe",
    "style": "Vienna Lager",
    "abv": 5.2,
    "ibu": 20,
    "srm": 10,
    "has_yeast_data": false
  },
  {
    "id": 106,
    "name": "Amber Ale",
    "brewery": "Homebrew",
    "country": "Switzerland",
    "region": "Europe",
    "style": "Amber Ale",
    "abv": 5.5,
    "ibu": 28,
    "srm": 12,
    "has_yeast_data": true
  },
  {
    "id": 107,
    "name": "SquareBeer",
    "brewery": "Homebrew",
    "country": "Switzerland",
    "region": "Europe",
    "style": "White IPA",
    "abv": 6,
    "ibu": 45,
    "srm": 5,
    "has_yeast_data": true
  },
  {
    "id": 110,
    "name": "Browney",
    "brewery": "La Mule",
    "country": "Switzerland",
    "region": "Europe",
    "style": "Belgian Dark Strong Ale",
    "abv": 8.5,
    "ibu": 25,
    "srm": 25,
    "has_yeast_data": true
  },
  {
    "id": 111,
    "name": "La Koyot",
    "brewery": "Bartis",
    "country": "Switzerland",
    "region": "Europe",
    "style": "Strong Pale Ale",
    "abv": 7,
    "ibu": 50,
    "srm": 10,
    "has_yeast_data": false
  },
  {
    "id": 112,
    "name": "La Montheysanne",
    "brewery": "Brasserie Montheysanne",
    "country": "Switzerland",
    "region": "Europe",
    "style": "Pale Lager",
    "abv": 5,
    "ibu": 15,
    "srm": 3,
    "has_yeast_data": true
  },
  {
    "id": 113,
    "name": "La Fourbe",
    "brewery": "Brasserie du Griffon",
    "country": "Switzerland",
    "region": "Europe",
    "style": "Amber Ale",
    "abv": 5,
    "ibu": 20,
    "srm": 10,
    "has_yeast_data": true
  },
  {
    "id": 114,
    "name": "Noire",
    "brewery": "Brasserie Sierrvoise",
    "country": "Switzerland",
    "region": "Europe",
    "style": "Stout",
    "abv": 6,
    "ibu": 30,
    "srm": 30,
    "has_yeast_data": true
  },
  {
    "id": 115,
    "name": "La Tourbillon",
    "brewery": "Brasseurs de Vollèges",
    "country": "Switzerland",
    "region": "Europe",
    "style": "Saison/Farmhouse Ale",
    "abv": 6.5,
    "ibu": 25,
    "srm": 6,
    "has_yeast_data": true
  },
  {
    "id": 116,
    "name": "La Prudencia",
    "brewery": "Brasserie du Vieux Chemin",
    "country": "Switzerland",
    "region": "Europe",
    "style": "Abbey Dubbel",
    "abv": 7,
    "ibu": 20,
    "srm": 14,
    "has_yeast_data": true
  },
  {
    "id": 117,
    "name": "Tardiv",
    "brewery": "Brasserie Tardiv",
    "country": "Switzerland",
    "region": "Europe",
    "style": "Premium Lager",
    "abv": 5,
    "ibu": 15,
    "srm": 4,
    "has_yeast_data": true
  },
  {
    "id": 118,
    "name": "Biere de Zinal",
    "brewery": "Brasserie des 5 quatre mille",
    "country": "Switzerland",
    "region": "Europe",
    "style": "Blanche au seigle",
    "abv": 5,
    "ibu": 15,
    "srm": 4,
    "has_yeast_data": true
  },
  {
    "id": 119,
    "name": "Celsius Folamour",
    "brewery": "Brasserie d'Ayent",
    "country": "Switzerland",
    "region": "Europe",
    "style": "Specialty Beer",
    "abv": 5.5,
    "ibu": 20,
    "srm": 10,
    "has_yeast_data": true
  },
  {
    "id": 120,
    "name": "Blonde",
    "brewery": "Coudres",
    "country": "Switzerland",
    "region": "Europe",
    "style": "Blonde Ale",
    "abv": 5,
    "ibu": 18,
    "srm": 4,
    "has_yeast_data": true
  },
  {
    "id": 121,
    "name": "Vieille Cuvée",
    "brewery": "Leffe",
    "country": "Belgium",
    "region": "Europe",
    "style": "Abbey Dubbel",
    "abv": 8.2,
    "ibu": 22,
    "srm": 16,
    "has_yeast_data": false
  },
  {
    "id": 122,
    "name": "ChichaBeer experimental",
    "brewery": "La Nébuleuse",
    "country": "Switzerland",
    "region": "Europe",
    "style": "Specialty Beer",
    "abv": 5,
    "ibu": 15,
    "srm": 4,
    "has_yeast_data": true
  },
  {
    "id": 123,
    "name": "Pale Ale",
    "brewery": "Muller Brau",
    "country": "Switzerland",
    "region": "Europe",
    "style": "Pale Ale",
    "abv": 5.5,
    "ibu": 30,
    "srm": 6,
    "has_yeast_data": false
  },
  {
    "id": 124,
    "name": "Ipanema",
    "brewery": "Docteur Gabs",
    "country": "Switzerland",
    "region": "Europe",
    "style": "IPA",
    "abv": 6,
    "ibu": 40,
    "srm": 6,
    "has_yeast_data": false
  },
  {
    "id": 125,
    "name": "5AM Saints",
    "brewery": "Brewdog",
    "country": "UK",
    "region": "Europe",
    "style": "Amber Ale",
    "abv": 5,
    "ibu": 35,
    "srm": 12,
    "has_yeast_data": false
  },
  {
    "id": 126,
    "name": "Boxer Old",
    "brewery": "Boxer",
    "country": "Switzerland",
    "region": "Europe",
    "style": "Premium Lager",
    "abv": 5.2,
    "ibu": 18,
    "srm": 6,
    "has_yeast_data": false
  }
]